{
	"credit": "Made with Blockbench",
	"textures": {
		"1": "./texture22",
		"3": "./texture21",
		"particle": "./texture22"
	},
	"elements": [
		{
			"from": [7, -3, 8],
			"to": [8, 2.2, 9],
			"rotation": {"angle": 0, "axis": "y", "origin": [15, 5, 16]},
			"faces": {
				"north": {"uv": [8, 14, 9, 16], "texture": "#3"},
				"east": {"uv": [0, 11, 1, 16], "texture": "#3"},
				"south": {"uv": [15, 11, 16, 16], "texture": "#3"},
				"west": {"uv": [15, 0, 16, 5], "texture": "#3"},
				"up": {"uv": [0, 0, 1, 1], "texture": "#3"},
				"down": {"uv": [0, 0, 1, 1], "texture": "#3"}
			}
		},
		{
			"from": [4, 2.2, 8],
			"to": [11, 3, 9],
			"rotation": {"angle": 0, "axis": "y", "origin": [15, 10, 16]},
			"faces": {
				"north": {"uv": [5, 13, 12, 14], "texture": "#3"},
				"east": {"uv": [15, 15, 16, 16], "texture": "#3"},
				"south": {"uv": [6.75, 0.5, 13.75, 1.5], "texture": "#3"},
				"west": {"uv": [12, 7.5, 13, 8.5], "texture": "#3"},
				"up": {"uv": [4.75, 15, 11.75, 16], "texture": "#3"},
				"down": {"uv": [3.25, 5.5, 10.25, 6.5], "texture": "#3"}
			}
		},
		{
			"from": [6.2, -5.2, 7.4],
			"to": [9, -3, 9.2],
			"rotation": {"angle": 0, "axis": "y", "origin": [15, 4, 16]},
			"faces": {
				"north": {"uv": [0, 0, 3, 2], "texture": "#3"},
				"east": {"uv": [0, 0, 3, 2], "texture": "#3"},
				"south": {"uv": [0, 0, 3, 2], "texture": "#3"},
				"west": {"uv": [0, 0, 3, 2], "texture": "#3"},
				"up": {"uv": [0, 0, 3, 3], "texture": "#3"},
				"down": {"uv": [0, 0, 3, 3], "texture": "#3"}
			}
		},
		{
			"from": [5.3, 13, 8.3],
			"to": [11.3, 20, 8.5],
			"rotation": {"angle": 0, "axis": "y", "origin": [15.3, 11, 16]},
			"faces": {
				"north": {"uv": [5, 0, 11, 11], "texture": "#1"},
				"east": {"uv": [7.25, 0, 8.25, 15], "texture": "#1"},
				"south": {"uv": [0, 0, 6, 15], "texture": "#1"},
				"west": {"uv": [7.5, 0, 8.5, 15], "texture": "#1"},
				"up": {"uv": [0, 0, 6, 1], "texture": "#1"},
				"down": {"uv": [0, 0, 6, 1], "texture": "#1"}
			}
		},
		{
			"from": [5.3, 12, 8.3],
			"to": [9.3, 12.4, 8.5],
			"rotation": {"angle": 0, "axis": "y", "origin": [16.3, 9, 16]},
			"faces": {
				"north": {"uv": [8, 8, 11, 9], "texture": "#1"},
				"east": {"uv": [7.25, 4, 8.25, 6], "texture": "#1"},
				"south": {"uv": [0, 0, 5, 2], "texture": "#1"},
				"west": {"uv": [7.5, 0, 9.5, 3], "texture": "#1"},
				"up": {"uv": [0, 0, 6, 1], "texture": "#1"},
				"down": {"uv": [0, 0, 6, 1], "texture": "#1"}
			}
		},
		{
			"from": [5.3, 12.7, 8.3],
			"to": [8.1, 13, 8.5],
			"rotation": {"angle": 0, "axis": "y", "origin": [15.1, 9.6, 16]},
			"faces": {
				"north": {"uv": [8, 6, 11, 7], "texture": "#1"},
				"east": {"uv": [7.25, 4, 8.25, 6], "texture": "#1"},
				"south": {"uv": [0, 0, 5, 1], "texture": "#1"},
				"west": {"uv": [7.5, 0, 9.5, 3], "texture": "#1"},
				"up": {"uv": [0, 0, 6, 1], "texture": "#1"},
				"down": {"uv": [0, 0, 6, 1], "texture": "#1"}
			}
		},
		{
			"from": [5.3, 12.4, 8.3],
			"to": [8.7, 12.7, 8.5],
			"rotation": {"angle": 0, "axis": "y", "origin": [15.1, 9.6, 16]},
			"faces": {
				"north": {"uv": [11, 11, 14, 12], "texture": "#1"},
				"east": {"uv": [7.25, 4, 8.25, 6], "texture": "#1"},
				"south": {"uv": [0, 0, 6, 1], "texture": "#1"},
				"west": {"uv": [7.5, 0, 9.5, 3], "texture": "#1"},
				"up": {"uv": [0, 0, 6, 1], "texture": "#1"},
				"down": {"uv": [0, 0, 6, 1], "texture": "#1"}
			}
		},
		{
			"from": [5.3, 5, 8.3],
			"to": [11.3, 12, 8.5],
			"rotation": {"angle": 0, "axis": "y", "origin": [15.3, 11, 16]},
			"faces": {
				"north": {"uv": [5, 0, 11, 11], "texture": "#1"},
				"east": {"uv": [7.25, 0, 8.25, 15], "texture": "#1"},
				"south": {"uv": [0, 0, 6, 15], "texture": "#1"},
				"west": {"uv": [7.5, 0, 8.5, 15], "texture": "#1"},
				"up": {"uv": [0, 0, 6, 1], "texture": "#1"},
				"down": {"uv": [0, 0, 6, 1], "texture": "#1"}
			}
		},
		{
			"from": [4.3, 3, 8.3],
			"to": [10.3, 5, 8.5],
			"rotation": {"angle": 0, "axis": "y", "origin": [15.3, 9, 16]},
			"faces": {
				"north": {"uv": [6, 11, 12, 13], "texture": "#1"},
				"east": {"uv": [0, 0, 1, 2], "texture": "#1"},
				"south": {"uv": [0, 0, 6, 2], "texture": "#1"},
				"west": {"uv": [0, 0, 1, 2], "texture": "#1"},
				"up": {"uv": [0, 0, 6, 1], "texture": "#1"},
				"down": {"uv": [0, 0, 6, 1], "texture": "#1"}
			}
		},
		{
			"from": [8.3, 20, 8.3],
			"to": [10.3, 22, 8.5],
			"rotation": {"angle": 0, "axis": "y", "origin": [15.3, 21, 16]},
			"faces": {
				"north": {"uv": [6, 0, 8, 0], "texture": "#1"},
				"east": {"uv": [0, 0, 1, 2], "texture": "#1"},
				"south": {"uv": [0, 0, 2, 2], "texture": "#1"},
				"west": {"uv": [15, 0, 16, 2], "texture": "#1"},
				"up": {"uv": [0, 0, 2, 1], "texture": "#1"},
				"down": {"uv": [0, 0, 2, 1], "texture": "#1"}
			}
		},
		{
			"from": [4.3, 20, 8.3],
			"to": [6.3, 22, 8.5],
			"rotation": {"angle": 0, "axis": "y", "origin": [12.3, 21, 16]},
			"faces": {
				"north": {"uv": [10, 0, 12, 2], "texture": "#1"},
				"east": {"uv": [0, 0, 1, 2], "texture": "#1"},
				"south": {"uv": [14, 0, 16, 2], "texture": "#1"},
				"west": {"uv": [15, 0, 16, 2], "texture": "#1"},
				"up": {"uv": [0, 0, 2, 1], "texture": "#1"},
				"down": {"uv": [0, 0, 2, 1], "texture": "#1"}
			}
		},
		{
			"from": [6.3, 22, 8.3],
			"to": [8.3, 24, 8.5],
			"rotation": {"angle": 0, "axis": "y", "origin": [14.3, 23, 16]},
			"faces": {
				"north": {"uv": [8, 0, 10, 0], "texture": "#1"},
				"east": {"uv": [0, 0, 1, 2], "texture": "#1"},
				"south": {"uv": [0, 0, 2, 2], "texture": "#1"},
				"west": {"uv": [0, 0, 1, 2], "texture": "#1"},
				"up": {"uv": [0, 0, 2, 1], "texture": "#1"},
				"down": {"uv": [0, 0, 2, 1], "texture": "#1"}
			}
		},
		{
			"from": [8.3, 22, 8.3],
			"to": [9.3, 23, 8.5],
			"rotation": {"angle": 0, "axis": "y", "origin": [16.3, 23, 16]},
			"faces": {
				"north": {"uv": [7, 0, 8, 0], "texture": "#1"},
				"east": {"uv": [0, 0, 1, 1], "texture": "#1"},
				"south": {"uv": [0, 0, 1, 1], "texture": "#1"},
				"west": {"uv": [0, 0, 1, 1], "texture": "#1"},
				"up": {"uv": [0, 0, 1, 1], "texture": "#1"},
				"down": {"uv": [0, 0, 1, 1], "texture": "#1"}
			}
		},
		{
			"from": [2.3, 22, 8.3],
			"to": [6.3, 24, 8.5],
			"rotation": {"angle": 0, "axis": "y", "origin": [11.3, 23, 16]},
			"faces": {
				"north": {"uv": [8, 7, 12, 9], "texture": "#1"},
				"east": {"uv": [0, 0, 1, 2], "texture": "#1"},
				"south": {"uv": [0, 0, 4, 2], "texture": "#1"},
				"west": {"uv": [0, 0, 1, 2], "texture": "#1"},
				"up": {"uv": [0, 0, 4, 1], "texture": "#1"},
				"down": {"uv": [0, 0, 4, 1], "texture": "#1"}
			}
		},
		{
			"from": [1.3, 24, 8.3],
			"to": [6.3, 25, 8.5],
			"rotation": {"angle": 0, "axis": "y", "origin": [9.3, 25, 16]},
			"faces": {
				"north": {"uv": [10, 0, 15, 0], "texture": "#1"},
				"east": {"uv": [0, 0, 1, 1], "texture": "#1"},
				"south": {"uv": [0, 0, 5, 1], "texture": "#1"},
				"west": {"uv": [0, 0, 1, 1], "texture": "#1"},
				"up": {"uv": [0, 0, 5, 1], "texture": "#1"},
				"down": {"uv": [0, 0, 5, 1], "texture": "#1"}
			}
		}
	],
	"display": {
		"thirdperson_righthand": {
			"rotation": [6.5, 87.5, -3.25],
			"translation": [0, 6, 1.25]
		},
		"thirdperson_lefthand": {
			"rotation": [2, 262.5, 362.25],
			"translation": [0.25, 6, 0.5]
		},
		"firstperson_righthand": {
			"rotation": [-42, 101.25, 0],
			"translation": [-1.5, 7.25, -0.25]
		},
		"firstperson_lefthand": {
			"rotation": [-21, -92, -8],
			"translation": [0, 5.75, 0]
		},
		"ground": {
			"rotation": [87.5, 0, -92.25],
			"translation": [0, -3, 0]
		},
		"gui": {
			"rotation": [0, 36.5, -37.25],
			"scale": [0.89844, 0.89844, 0.89844]
		},
		"fixed": {
			"translation": [0, 0, -1.5],
			"scale": [2.57813, 2.57813, 2.57813]
		}
	}
}