{
	"credit": "Made with Blockbench",
	"ambientocclusion": false,
	"texture_size": [32, 32],
	"textures": {
		"0": "./texture",
		"1": "./te22",
		"particle": "./texture"
	},
	"elements": [
		{
			"from": [7.4, 0, 7.1],
			"to": [7.9, 3.4, 7.7],
			"rotation": {"angle": 0, "axis": "y", "origin": [15.2, 8, 14.9]},
			"faces": {
				"north": {"uv": [0, 0, 0.25, 1.7], "texture": "#1"},
				"east": {"uv": [0, 0, 0.3, 1.7], "texture": "#1"},
				"south": {"uv": [0, 0, 0.25, 1.7], "texture": "#1"},
				"west": {"uv": [0, 0, 0.3, 1.7], "texture": "#1"},
				"up": {"uv": [0, 0, 0.25, 0.3], "texture": "#1"},
				"down": {"uv": [0, 0, 0.25, 0.3], "texture": "#1"}
			}
		},
		{
			"from": [7.2, -0.5, 6.8],
			"to": [8.1, 0.2, 8.1],
			"rotation": {"angle": 0, "axis": "y", "origin": [15.2, 6, 14.9]},
			"faces": {
				"north": {"uv": [0, 0, 0.45, 0.35], "texture": "#1"},
				"east": {"uv": [0, 0, 0.65, 0.35], "texture": "#1"},
				"south": {"uv": [0, 0, 0.45, 0.35], "texture": "#1"},
				"west": {"uv": [0, 0, 0.65, 0.35], "texture": "#1"},
				"up": {"uv": [0, 0, 0.45, 0.65], "texture": "#1"},
				"down": {"uv": [0, 0, 0.45, 0.65], "texture": "#1"}
			}
		},
		{
			"from": [7.2, -0.7, 7.1],
			"to": [7.8, -0.3, 8],
			"rotation": {"angle": 0, "axis": "y", "origin": [15, 5.5, 15]},
			"faces": {
				"north": {"uv": [0, 0, 0.3, 0.2], "texture": "#1"},
				"east": {"uv": [0, 0, 0.45, 0.2], "texture": "#1"},
				"south": {"uv": [0, 0, 0.3, 0.2], "texture": "#1"},
				"west": {"uv": [0, 0, 0.45, 0.2], "texture": "#1"},
				"up": {"uv": [0, 0, 0.3, 0.45], "texture": "#1"},
				"down": {"uv": [0, 0, 0.3, 0.45], "texture": "#1"}
			}
		},
		{
			"from": [7.2, 3, 5.9],
			"to": [8, 3.6, 9],
			"rotation": {"angle": 0, "axis": "y", "origin": [15.1, 11, 15]},
			"faces": {
				"north": {"uv": [0, 0, 0.4, 0.3], "texture": "#1"},
				"east": {"uv": [0, 0, 1.55, 0.3], "texture": "#1"},
				"south": {"uv": [0, 0, 0.4, 0.3], "texture": "#1"},
				"west": {"uv": [0, 0, 1.55, 0.3], "texture": "#1"},
				"up": {"uv": [0, 0, 0.4, 1.55], "texture": "#1"},
				"down": {"uv": [0, 0, 0.4, 1.55], "texture": "#1"}
			}
		},
		{
			"from": [7.4, 3, 9],
			"to": [7.7, 4, 9.5],
			"rotation": {"angle": 0, "axis": "y", "origin": [15, 11, 18.1]},
			"faces": {
				"north": {"uv": [0, 0, 0.15, 0.5], "texture": "#1"},
				"east": {"uv": [0, 0, 0.25, 0.5], "texture": "#1"},
				"south": {"uv": [0, 0, 0.15, 0.5], "texture": "#1"},
				"west": {"uv": [0, 0, 0.25, 0.5], "texture": "#1"},
				"up": {"uv": [0, 0, 0.15, 0.25], "texture": "#1"},
				"down": {"uv": [0, 0, 0.15, 0.25], "texture": "#1"}
			}
		},
		{
			"from": [7.4, 3, 5.4],
			"to": [7.7, 4, 5.9],
			"rotation": {"angle": 0, "axis": "y", "origin": [15, 11, 14.5]},
			"faces": {
				"north": {"uv": [0, 0, 0.15, 0.5], "texture": "#1"},
				"east": {"uv": [0, 0, 0.25, 0.5], "texture": "#1"},
				"south": {"uv": [0, 0, 0.15, 0.5], "texture": "#1"},
				"west": {"uv": [0, 0, 0.25, 0.5], "texture": "#1"},
				"up": {"uv": [0, 0, 0.15, 0.25], "texture": "#1"},
				"down": {"uv": [0, 0, 0.15, 0.25], "texture": "#1"}
			}
		},
		{
			"from": [7.5, 3.5, 6.2],
			"to": [7.7, 10.4, 8.7],
			"rotation": {"angle": 0, "axis": "y", "origin": [15, 11.5, 15.1]},
			"faces": {
				"north": {"uv": [0, 0, 0.1, 3.45], "texture": "#0"},
				"east": {"uv": [11.65, 10.8, 12.9, 14.25], "texture": "#0"},
				"south": {"uv": [0, 0, 0.1, 3.45], "texture": "#0"},
				"west": {"uv": [0, 0, 1.25, 3.45], "texture": "#0"},
				"up": {"uv": [0, 0, 0.1, 1.25], "texture": "#0"},
				"down": {"uv": [0, 0, 0.1, 1.25], "texture": "#0"}
			}
		},
		{
			"from": [7.5, 10.4, 6.4],
			"to": [7.7, 11.1, 8.5],
			"rotation": {"angle": 0, "axis": "y", "origin": [15, 18.4, 15.1]},
			"faces": {
				"north": {"uv": [0, 0, 0.1, 0.35], "texture": "#0"},
				"east": {"uv": [11.75, 10.45, 12.8, 10.8], "texture": "#0"},
				"south": {"uv": [0, 0, 0.1, 0.35], "texture": "#0"},
				"west": {"uv": [0, 0, 1.05, 0.35], "texture": "#0"},
				"up": {"uv": [0, 0, 0.1, 1.05], "texture": "#0"},
				"down": {"uv": [0, 0, 0.1, 1.05], "texture": "#0"}
			}
		},
		{
			"from": [7.5, 11.1, 6.7],
			"to": [7.7, 11.8, 8.3],
			"rotation": {"angle": 0, "axis": "y", "origin": [15, 19.1, 15.1]},
			"faces": {
				"north": {"uv": [0, 0, 0.1, 0.35], "texture": "#0"},
				"east": {"uv": [11.85, 10.1, 12.65, 10.45], "texture": "#0"},
				"south": {"uv": [0, 0, 0.1, 0.35], "texture": "#0"},
				"west": {"uv": [0, 0, 0.8, 0.35], "texture": "#0"},
				"up": {"uv": [0, 0, 0.1, 0.8], "texture": "#0"},
				"down": {"uv": [0, 0, 0.1, 0.8], "texture": "#0"}
			}
		},
		{
			"from": [7.5, 11.8, 7],
			"to": [7.7, 12.5, 8],
			"rotation": {"angle": 0, "axis": "y", "origin": [15, 19.8, 15.1]},
			"faces": {
				"north": {"uv": [0, 0, 0.1, 0.35], "texture": "#0"},
				"east": {"uv": [12, 9.75, 12.5, 10.1], "texture": "#0"},
				"south": {"uv": [0, 0, 0.1, 0.35], "texture": "#0"},
				"west": {"uv": [0, 0, 0.5, 0.35], "texture": "#0"},
				"up": {"uv": [0, 0, 0.1, 0.5], "texture": "#0"},
				"down": {"uv": [0, 0, 0.1, 0.5], "texture": "#0"}
			}
		},
		{
			"from": [7.5, 12.5, 7.2],
			"to": [7.7, 13.2, 7.8],
			"rotation": {"angle": 0, "axis": "y", "origin": [15, 20.5, 15.1]},
			"faces": {
				"north": {"uv": [0, 0, 0.1, 0.35], "texture": "#0"},
				"east": {"uv": [12.1, 9.4, 12.4, 9.75], "texture": "#0"},
				"south": {"uv": [0, 0, 0.1, 0.35], "texture": "#0"},
				"west": {"uv": [0, 0, 0.3, 0.35], "texture": "#0"},
				"up": {"uv": [0, 0, 0.1, 0.3], "texture": "#0"},
				"down": {"uv": [0, 0, 0.1, 0.3], "texture": "#0"}
			}
		}
	],
	"display": {
		"thirdperson_righthand": {
			"translation": [0, 20.25, 2.75],
			"scale": [1, 4, 2]
		},
		"thirdperson_lefthand": {
			"rotation": [4, 0, 0],
			"translation": [0, 21.75, 3.5],
			"scale": [1, 4, 2]
		},
		"firstperson_righthand": {
			"rotation": [-44.25, 0, 0],
			"translation": [9.25, 9.5, -17],
			"scale": [1, 4, 2]
		},
		"firstperson_lefthand": {
			"rotation": [-33.75, 0, 0],
			"translation": [21.5, 8.5, -24],
			"scale": [1, 4, 2]
		},
		"ground": {
			"translation": [0, 28.75, 2],
			"scale": [1, 4, 3]
		},
		"gui": {
			"rotation": [52.25, -146, 46.5],
			"translation": [2.5, 6.5, 0],
			"scale": [1.85, 2.03, 1.67]
		},
		"head": {
			"translation": [0, 9.5, 0]
		}
	}
}